{"id":"level-ea7e9dad-8858-4719-b64c-40e1f71197b2","ground":{"ground1":{"x":369,"y":524,"width":50,"height":50}},"key":{"key1":{"x":117.092866756393,"y":519.1011235955056,"width":45,"height":45,"frame":0}},"door":{"door1":{"x":372.8129205921938,"y":465.1685393258427,"width":64,"height":64,"frame":4}},"profile":{"username":"jacklehamster","type":"newgrounds"}}