{"id":"level-097e1dd7-04e3-42d8-8c7c-2e964d9ac975","ground":{"ground1":{"x":175,"y":487,"width":139,"height":50}},"door":{"door1":{"x":179.00403768506055,"y":434.1573033707865,"width":64,"height":64,"frame":4}},"key":{"key1":{"x":409,"y":535,"width":45,"height":45,"frame":0}},"profile":{"username":"jacklehamster","type":"newgrounds"}}