{"id":"level-f954a45b-b922-4cab-b980-320c0f4b6bc8","door":{"door1":{"x":660.8344549125168,"y":540.6741573033707,"width":64,"height":64,"frame":4}},"key":{"key1":{"x":86,"y":526,"width":45,"height":45,"frame":0}},"ground":{"ground1":{"x":446,"y":541,"width":259,"height":50}},"overlays":["https%3A%2F%2Fcdn.dobuki.net%2F7dab855a1c0a2d2f8fcf130b2a3eabed30d59313704ceb36589284d3657124bb.png","https%3A%2F%2Fjacklehamster.github.io%2Fpower-troll-levels%2Fdata%2Fimage%2Feject.png"],"backgrounds":["https%3A%2F%2Fcdn.dobuki.net%2F89a72f60b546f38243aa2526162f94093056057dd0b600a5595f7a07b82a6b96.png","https%3A%2F%2Fjacklehamster.github.io%2Fpower-troll-levels%2Fdata%2Fimage%2Ftardigrades.png"],"profile":{"username":"jacklehamster","type":"newgrounds"}}