{"id":"level-0efee2fd-6ccc-418f-b072-4b28fb39e4f7","door":{"door1":{"x":541.049798115747,"y":496.17977528089887,"width":64,"height":64,"frame":4}},"key":{"key1":{"x":336.4737550471063,"y":506.96629213483146,"width":45,"height":45,"frame":0}},"profile":{"username":"jacklehamster","type":"newgrounds"}}