{"id":"level-ed05dd0a-5080-4efa-b617-e949d848c894","ground":{"ground1":{"x":250.33647375504708,"y":480,"width":50,"height":50},"ground2":{"x":316,"y":372,"width":50,"height":50},"ground3":{"x":230.1480484522207,"y":262.92134831460675,"width":50,"height":50},"ground4":{"x":536,"y":190,"width":413,"height":50}},"key":{"key1":{"x":693.135935397039,"y":126.74157303370787,"width":45,"height":45,"frame":0}},"door":{"door1":{"x":510.09421265141316,"y":122.69662921348315,"width":64,"height":64,"frame":4}},"profile":{"username":"jacklehamster","type":"newgrounds"}}