{"id":"level-e76ea720-c621-472f-8ec9-fe773ead8d1f","key":{"key1":{"x":450.8748317631225,"y":548.7640449438202,"width":45,"height":45,"frame":0}},"ground":{"ground1":{"x":272,"y":436,"width":50,"height":50},"ground2":{"x":227,"y":508,"width":229.99999999999997,"height":50}},"door":{"door1":{"x":271.8707940780619,"y":381.57303370786514,"width":64,"height":64,"frame":4}},"profile":{"username":"jacklehamster","type":"newgrounds"}}