{"id":"level-c2b5b385-8ffa-4a59-805b-a0125657826c","ground":{"ground1":{"x":220.54665409990577,"y":493.39622641509436,"width":50,"height":50},"ground2":{"x":305.3722902921772,"y":368.8679245283019,"width":50,"height":50},"ground3":{"x":413.76060320452405,"y":229.24528301886792,"width":50,"height":50}},"door":{"door1":{"x":415,"y":172,"width":64,"height":64,"frame":4}},"key":{"key1":{"x":498.58623939679546,"y":210.37735849056605,"width":45,"height":45,"frame":0}},"profile":{"username":"jacklehamster","type":"newgrounds"},"title":"Custom%20level","music":{"title":"Barenaked%20Ladies%20-%20One%20Week%20(Official%20Mu","url":"https%3A%2F%2Fcdn.dobuki.net%2Fbe2ceb2d2de57376a8803c7a2123b0820cefed0ddf085418ff40477c07b2d071.mp3","backupUrl":"https%3A%2F%2Fjacklehamster.github.io%2Fpower-troll-levels%2Fdata%2Faudio%2FBarenaked%2520Ladies%2520-%2520One%2520Week%2520(Official%2520Music%2520Video)%2520%255B%2520ezmp3.cc%2520%255D.mp3"}}