{"id":"level-c3280220-f6ac-4f49-9cc8-ab08f710a70a","canPublish":true,"ground":{"ground1":{"x":424,"y":494,"width":216,"height":26},"ground2":{"x":757,"y":406,"width":413,"height":26},"ground3":{"x":282,"y":347,"width":216,"height":26}},"door":{"door1":{"x":289.05630452022206,"y":305.15191545574635,"width":64,"height":64,"frame":4}},"key":{"key1":{"x":655.4321966693101,"y":535.0066050198151,"width":45,"height":45,"frame":0}},"vase":{"vase1":{"x":389.7700237906423,"y":452,"width":64,"height":64,"frame":98,"gift":12}},"rock":{"rock1":{"x":570.578905630452,"y":362.21928665786,"width":64,"height":64,"frame":0},"rock2":{"x":948.0570975416335,"y":362.21928665786,"width":64,"height":64,"frame":0}},"human":{"human1":{"x":753.766851704996,"y":296.4332892998679,"width":64,"height":64,"frame":54}},"profile":{"username":"jacklehamster","type":"newgrounds"},"title":"Trouble","music":{"title":"Killer%20kid","url":"assets%2Fkiller-kid.ogg"}}