{"id":"level-f74efed4-6351-45b7-b621-b65591c59e3c","ground":{"ground1":{"x":352,"y":516,"width":50,"height":50},"ground2":{"x":293.2584269662922,"y":402.247191011236,"width":50,"height":50}},"door":{"door1":{"x":293,"y":345,"width":64,"height":64,"frame":0,"destination":"rustyspoon"}},"key":{"key1":{"x":450.561797752809,"y":525.8426966292135,"width":45,"height":45,"frame":0}},"url":"","profile":{"username":"jacklehamster","type":"newgrounds"}}