{"id":"level-5f994526-cc5b-43ab-91f4-e25f4c9158ea","ground":{"ground1":{"x":382.2341857335128,"y":516.4044943820224,"width":50,"height":50}},"door":{"door1":{"x":382,"y":471,"width":64,"height":64,"frame":4}},"key":{"key1":{"x":102.28802153432032,"y":519.1011235955056,"width":45,"height":45,"frame":0}},"profile":{"username":"jacklehamster","type":"newgrounds"}}