{"id":"level-494a1e15-2424-426a-aa0e-79e24da9e8bd","ground":{"ground1":{"x":309.5854922279793,"y":469.11447084233265,"width":50,"height":50},"ground2":{"x":242,"y":385,"width":50,"height":50}},"door":{"door1":{"x":243.52331606217615,"y":327.86177105831536,"width":64,"height":64,"frame":4}},"backgrounds":["https%3A%2F%2Fcdn.dobuki.net%2F89a72f60b546f38243aa2526162f94093056057dd0b600a5595f7a07b82a6b96.png","https%3A%2F%2Fjacklehamster.github.io%2Fpower-troll-levels%2Fdata%2Fimage%2Ftardigrades.png"],"profile":{"username":"jacklehamster","type":"newgrounds"},"key":{"key1":{"x":414.5077720207254,"y":513.1749460043197,"width":45,"height":45,"frame":0}},"background":"https%3A%2F%2Fcdn.dobuki.net%2F89a72f60b546f38243aa2526162f94093056057dd0b600a5595f7a07b82a6b96.png","url":"","music":{"title":"%5BMV%5D%20%E1%84%89%E1%85%AE%E1%84%8C%E1%85%B5%20-%20My%20Dear%20Love%20%5B%E1%84%89%E1%85%B3%E1%84%90%E1%85%A1%E1%84%90%E1%85%B3%E1%84%8B%E1%85%A5%E1%86%B8%20OST%20","url":"https%3A%2F%2Fcdn.dobuki.net%2F41e5c4a405eb35595e679899a83f9655139b9d7b97fa028631f77e19ecc4ab58.mp3","backupUrl":"https%3A%2F%2Fjacklehamster.github.io%2Fpower-troll-levels%2Fdata%2Faudio%2F%255BMV%255D%2520%25E1%2584%2589%25E1%2585%25AE%25E1%2584%258C%25E1%2585%25B5%2520-%2520My%2520Dear%2520Love%2520%255B%25E1%2584%2589%25E1%2585%25B3%25E1%2584%2590%25E1%2585%25A1%25E1%2584%2590%25E1%2585%25B3%25E1%2584%258B%25E1%2585%25A5%25E1%2586%25B8%2520OST%2520Part.14%2520(START-UP%2520OST%2520Part.14)%255D%2520%255B%2520ezmp3.cc%2520%255D.mp3"}}