{"id":"level-c2555951-0f1b-42d8-a002-81aa51c8f243","ground":{"ground1":{"x":134.8314606741573,"y":457.3033707865169,"width":50,"height":50},"ground2":{"x":349.43820224719104,"y":465.16853932584274,"width":50,"height":50}},"door":{"door1":{"x":351.685393258427,"y":411.2359550561798,"width":64,"height":64,"frame":4}},"key":{"key1":{"x":137,"y":384,"width":45,"height":45,"frame":0}},"url":"","profile":{"username":"jacklehamster","type":"newgrounds"}}