{"id":"lvl-e7b0e37b-44a","profile":{"username":"jacklehamster","type":"newgrounds"},"music":{"title":"BTS%20(%E1%84%87%E1%85%A1%E1%86%BC%E1%84%90%E1%85%A1%E1%86%AB%E1%84%89%E1%85%A9%E1%84%82%E1%85%A7%E1%86%AB%E1%84%83%E1%85%A1%E1%86%AB)%20'%E1%84%8C%E1%85%A1%E1%86%A8%E1%84%8B%E1%85%B3%E1%86%AB%20%E1%84%80%E1%85%A5%E1%86%BA%E1%84%83%E1%85%B3%E1%86%AF%E1%84%8B%E1%85%B3%E1%86%AF%20%E1%84%8B","url":"https%3A%2F%2Fcdn.dobuki.net%2F1094835fae1d52ca6e4b9a6508a8da963e0d978f0b576a404027e07a6bca023b.mp3","backupUrl":"https%3A%2F%2Fjacklehamster.github.io%2Fpower-troll-levels%2Fdata%2Faudio%2FBTS%2520(%25E1%2584%2587%25E1%2585%25A1%25E1%2586%25BC%25E1%2584%2590%25E1%2585%25A1%25E1%2586%25AB%25E1%2584%2589%25E1%2585%25A9%25E1%2584%2582%25E1%2585%25A7%25E1%2586%25AB%25E1%2584%2583%25E1%2585%25A1%25E1%2586%25AB)%2520'%25E1%2584%258C%25E1%2585%25A1%25E1%2586%25A8%25E1%2584%258B%25E1%2585%25B3%25E1%2586%25AB%2520%25E1%2584%2580%25E1%2585%25A5%25E1%2586%25BA%25E1%2584%2583%25E1%2585%25B3%25E1%2586%25AF%25E1%2584%258B%25E1%2585%25B3%25E1%2586%25AF%2520%25E1%2584%258B%25E1%2585%25B1%25E1%2584%2592%25E1%2585%25A1%25E1%2586%25AB%2520%25E1%2584%2589%25E1%2585%25B5%2520(Boy%2520With%2520Luv)%2520(feat.%2520Halsey)'%2520Official%2520MV%2520%255B%2520ezmp3.cc%2520%255D.mp3"},"title":"BTS%20-%20Dummy%20Level","autoNext":true,"backgrounds":["https%3A%2F%2Fcdn.dobuki.net%2F9ba6971b939e7d7196767589174995063dc4b44790ce181cf58605580bf0d8ee.jpg","https%3A%2F%2Fjacklehamster.github.io%2Fpower-troll-levels%2Fdata%2Fimage%2FBlog_header_images_58444563-e9d5-4c0e-93f1-3cbc779b11bc_1445x.jpg"],"ground":{"ground1":{"x":361,"y":466,"width":263,"height":35},"ground2":{"x":117,"y":404,"width":98,"height":33},"ground3":{"x":533,"y":348,"width":263,"height":35},"ground4":{"x":882,"y":523,"width":263,"height":35},"ground5":{"x":920,"y":221,"width":50,"height":50},"ground6":{"x":419,"y":582,"width":50,"height":38},"ground7":{"x":482,"y":25,"width":552,"height":26}},"key":{"key1":{"x":662,"y":544,"width":45,"height":45,"frame":0}},"door":{"door1":{"x":101,"y":355,"width":64,"height":64,"frame":0,"message":"Thank%20you%20for%20play%20this%20level.%7CPlease%20support%20me%20on%20Patreon.","link":"https%3A%2F%2Fwww.patreon.com%2Fdobuki"}},"monster":{"monster1":{"x":279,"y":436,"width":50,"height":50,"frame":13},"monster2":{"x":526.1697065820777,"y":311.49273447820343,"width":64,"height":64,"frame":14},"monster3":{"x":728.4991598784613,"y":116.43835616438355,"width":64,"height":64,"frame":6}},"human":{"human1":{"x":956,"y":405,"width":64,"height":64,"frame":54}},"vase":{"vase1":{"x":424,"y":410,"width":64,"height":64,"frame":86,"gift":0}},"trigger":{"trigger1":{"x":774.385408406027,"y":489.82826948480846,"width":32,"height":32,"frame":0,"tip":"Hello%20Troll!"}},"troll":{"troll2":{"x":118,"y":504,"width":48,"height":48,"frame":0,"sitting":true},"troll":{"x":52,"y":497,"width":48,"height":48,"frame":0,"sitting":false}},"background":"https%3A%2F%2Fcdn.dobuki.net%2F9ba6971b939e7d7196767589174995063dc4b44790ce181cf58605580bf0d8ee.jpg","url":"","overlays":["https%3A%2F%2Fcdn.dobuki.net%2F443693d7e1a794485ca865667cad22ea953c90febe800fb8c063c1f210fc825a.png","https%3A%2F%2Fjacklehamster.github.io%2Fpower-troll-levels%2Fdata%2Fimage%2Flevelundefined-1000x600.png"],"overlay":"https%3A%2F%2Fcdn.dobuki.net%2F443693d7e1a794485ca865667cad22ea953c90febe800fb8c063c1f210fc825a.png","vine":{"vine1":{"x":919,"y":165,"width":64,"height":64,"frame":65}},"version":13}