{"id":"lvl-62ac3ba9-483","ground":{"ground1":{"x":352.80898876404495,"y":501.123595505618,"width":50,"height":50},"ground2":{"x":229,"y":416,"width":50,"height":50}},"door":{"door1":{"x":231.4606741573034,"y":360.6741573033708,"width":64,"height":64,"frame":0,"destination":"newgrounds%2Fjacklehamster%2Flvl-812885cd-5a0"}},"key":{"key1":{"x":458.42696629213486,"y":535.9550561797753,"width":45,"height":45,"frame":0}},"profile":{"username":"jacklehamster","type":"newgrounds"},"url":"","music":{"title":"Trouble%20Maker%20(%E1%84%92%E1%85%A7%E1%86%AB%E1%84%8B%E1%85%A1%2C%E1%84%8C%E1%85%A1%E1%86%BC%E1%84%92%E1%85%A7%E1%86%AB%E1%84%89%E1%85%B3%E1%86%BC)%20-%20Troubl","url":"https%3A%2F%2Fcdn.dobuki.net%2F24a7ca96ccedabebbdf251942e2292e98a8fc79d41c0678c42231388e6f4611c.mp3","backupUrl":"https%3A%2F%2Fjacklehamster.github.io%2Fpower-troll-levels%2Fdata%2Faudio%2FTrouble%2520Maker%2520(%25E1%2584%2592%25E1%2585%25A7%25E1%2586%25AB%25E1%2584%258B%25E1%2585%25A1%252C%25E1%2584%258C%25E1%2585%25A1%25E1%2586%25BC%25E1%2584%2592%25E1%2585%25A7%25E1%2586%25AB%25E1%2584%2589%25E1%2585%25B3%25E1%2586%25BC)%2520-%2520Trouble%2520Maker%2520(Audio).mp3"}}