{"id":"lvl-62ac3ba9-483","ground":{"ground1":{"x":352.80898876404495,"y":501.123595505618,"width":50,"height":50},"ground2":{"x":229,"y":416,"width":50,"height":50}},"door":{"door1":{"x":231.4606741573034,"y":360.6741573033708,"width":64,"height":64,"frame":4}},"key":{"key1":{"x":458.42696629213486,"y":535.9550561797753,"width":45,"height":45,"frame":0}},"profile":{"username":"jacklehamster","type":"newgrounds"},"url":""}